{"accuracy": [0.9511821866035461, 0.9574191570281982, 0.9603720307350159, 0.9642482995986938, 0.9668470621109009, 0.9684312343597412, 0.9699646234512329, 0.970954954624176, 0.9717255234718323, 0.9726223349571228, 0.9732518196105957, 0.9736965894699097, 0.9743425250053406, 0.9746072888374329, 0.9751333594322205, 0.9754678606987, 0.9757956266403198, 0.9756717085838318, 0.9768180251121521, 0.9772630929946899, 0.9772010445594788, 0.9775872826576233, 0.9776937365531921, 0.9778474569320679, 0.9777442216873169, 0.9780718684196472, 0.9787834882736206, 0.9789680242538452, 0.9790793657302856, 0.9791674017906189, 0.9792733788490295, 0.9793310761451721, 0.9795106649398804, 0.9796088933944702, 0.9797018766403198, 0.9792523384094238, 0.97983717918396, 0.9803346991539001, 0.9804452061653137, 0.9805058836936951, 0.9806018471717834, 0.9805547595024109, 0.9807583093643188, 0.9808743000030518, 0.981056809425354, 0.9810149669647217, 0.9810900092124939, 0.9811995625495911, 0.981198787689209, 0.9812926054000854], "dice_coef": [0.09221916645765305, 0.12926672399044037, 0.24318981170654297, 0.3381105959415436, 0.39308345317840576, 0.42968693375587463, 0.4591037929058075, 0.48123160004615784, 0.4960644841194153, 0.5124920606613159, 0.5240467190742493, 0.5330593585968018, 0.5459266304969788, 0.5514940619468689, 0.5611755847930908, 0.567125141620636, 0.5738382935523987, 0.5729958415031433, 0.5926788449287415, 0.6007170677185059, 0.600200891494751, 0.6079442501068115, 0.60872882604599, 0.6118447780609131, 0.6106032133102417, 0.6153764128684998, 0.6293452978134155, 0.6328806281089783, 0.6351759433746338, 0.6355514526367188, 0.6387568116188049, 0.6404163241386414, 0.6425207257270813, 0.6454505324363708, 0.6461420655250549, 0.6373164653778076, 0.6496772170066833, 0.6567264199256897, 0.6589738130569458, 0.6602948904037476, 0.6626647710800171, 0.6612949967384338, 0.6657682061195374, 0.6666234135627747, 0.6708702445030212, 0.6686574816703796, 0.6716011762619019, 0.6730780005455017, 0.6734358072280884, 0.6743043661117554], "iou_coef": [0.04838928207755089, 0.06920650601387024, 0.1392284333705902, 0.20387817919254303, 0.2450602948665619, 0.2739686667919159, 0.2983100712299347, 0.317123144865036, 0.33017632365226746, 0.3448348343372345, 0.3553770184516907, 0.36379024386405945, 0.37575215101242065, 0.3810703158378601, 0.390309602022171, 0.3961406946182251, 0.40271779894828796, 0.40188953280448914, 0.4214823544025421, 0.4296623170375824, 0.4291149973869324, 0.43701496720314026, 0.4378454089164734, 0.4411572217941284, 0.4397815763950348, 0.44480931758880615, 0.4594414532184601, 0.4632840156555176, 0.46564781665802, 0.46611058712005615, 0.4695933163166046, 0.47135913372039795, 0.4736698269844055, 0.47679680585861206, 0.4775792360305786, 0.46817272901535034, 0.48144304752349854, 0.48922672867774963, 0.49174195528030396, 0.49320104718208313, 0.495799720287323, 0.4943120777606964, 0.49931856989860535, 0.5002508163452148, 0.5050173997879028, 0.5026572346687317, 0.5058961510658264, 0.507570207118988, 0.5080695748329163, 0.5089766979217529], "loss": [0.19096675515174866, 0.14235588908195496, 0.11825080215930939, 0.10138878226280212, 0.0921752005815506, 0.08641297370195389, 0.08155211061239243, 0.07812917977571487, 0.07562784850597382, 0.07295354455709457, 0.07110743969678879, 0.06958512216806412, 0.06761915981769562, 0.0668986588716507, 0.06530023366212845, 0.06418611854314804, 0.0632142648100853, 0.0636310875415802, 0.060151588171720505, 0.05877712741494179, 0.05892999470233917, 0.05786694213747978, 0.05747869983315468, 0.05715825408697128, 0.057172976434230804, 0.05636794492602348, 0.054319534450769424, 0.05376467853784561, 0.05347470939159393, 0.05315815284848213, 0.052814070135354996, 0.0525515042245388, 0.05212276428937912, 0.05184963718056679, 0.05157520994544029, 0.05304108187556267, 0.05109375715255737, 0.04973655939102173, 0.04942864552140236, 0.0492066852748394, 0.04897646978497505, 0.049155063927173615, 0.04847509413957596, 0.048180148005485535, 0.0477275475859642, 0.04772553965449333, 0.04751818999648094, 0.047208815813064575, 0.04717466980218887, 0.046940576285123825], "val_accuracy": [0.9593982100486755, 0.9593980312347412, 0.959537148475647, 0.9651493430137634, 0.9669924378395081, 0.9684984087944031, 0.9717366099357605, 0.9686334133148193, 0.9719107151031494, 0.9728732705116272, 0.9722769856452942, 0.9717550277709961, 0.9751167893409729, 0.9727115035057068, 0.9677680730819702, 0.9741652607917786, 0.9740378260612488, 0.9750210642814636, 0.978672981262207, 0.9783725738525391, 0.978853702545166, 0.9781058430671692, 0.9768856763839722, 0.9785482287406921, 0.9790827631950378, 0.9790182113647461, 0.9798101782798767, 0.9798281192779541, 0.9798421263694763, 0.980049729347229, 0.9795856475830078, 0.9801023602485657, 0.9801846146583557, 0.9801069498062134, 0.9801488518714905, 0.9798681139945984, 0.9794384241104126, 0.9806328415870667, 0.9804021120071411, 0.9802967309951782, 0.9805282950401306, 0.9803674221038818, 0.980437695980072, 0.9807283878326416, 0.9808128476142883, 0.9807001352310181, 0.9807114005088806, 0.9805941581726074, 0.9808251857757568, 0.9805835485458374], "val_dice_coef": [0.02902830019593239, 0.033673908561468124, 0.053989846259355545, 0.30898404121398926, 0.369281142950058, 0.3991905450820923, 0.4655141830444336, 0.39726486802101135, 0.4740007519721985, 0.49260371923446655, 0.4851090908050537, 0.4583483636379242, 0.5385545492172241, 0.4674583971500397, 0.3743162751197815, 0.5285292863845825, 0.5278512239456177, 0.553880512714386, 0.6077202558517456, 0.6100403070449829, 0.6243250370025635, 0.6075426936149597, 0.583953857421875, 0.6037590503692627, 0.621843159198761, 0.6217036843299866, 0.6360767483711243, 0.6421113610267639, 0.6469766497612, 0.6378035545349121, 0.6321676969528198, 0.6481510996818542, 0.6543788909912109, 0.6532731056213379, 0.6521972417831421, 0.6487880349159241, 0.6476267576217651, 0.6604305505752563, 0.6545928716659546, 0.6630245447158813, 0.6564129590988159, 0.6668998599052429, 0.6663487553596497, 0.6649726629257202, 0.664852499961853, 0.6715925931930542, 0.6654196977615356, 0.6630605459213257, 0.664557158946991, 0.6700851321220398], "val_iou_coef": [0.014728585258126259, 0.017129983752965927, 0.027764901518821716, 0.1831500232219696, 0.22684010863304138, 0.2497207373380661, 0.30372852087020874, 0.2483416050672531, 0.31112584471702576, 0.32724136114120483, 0.32056957483291626, 0.2977256178855896, 0.36889928579330444, 0.3054808974266052, 0.23090648651123047, 0.3597535192966461, 0.3591812551021576, 0.383400022983551, 0.4370625913143158, 0.43932613730430603, 0.45437201857566833, 0.43690258264541626, 0.41292834281921387, 0.43294620513916016, 0.4517153799533844, 0.4517018795013428, 0.4668520390987396, 0.47342580556869507, 0.4787119925022125, 0.4687640070915222, 0.4627200663089752, 0.4799288213253021, 0.48696058988571167, 0.4856263995170593, 0.48445385694503784, 0.4807760715484619, 0.479391872882843, 0.49361324310302734, 0.48710155487060547, 0.49648889899253845, 0.4891226291656494, 0.5008467435836792, 0.5002638697624207, 0.4986850321292877, 0.4985484182834625, 0.5061959028244019, 0.49920329451560974, 0.49654799699783325, 0.4982483386993408, 0.5044614672660828],